{
  "Отриати всіх героїв" : {
    "transaction" : "Отриати всіх героїв",
    "sampleCount" : 161445,
    "errorCount" : 142044,
    "errorPct" : 87.9829,
    "meanResTime" : 843.1368020068786,
    "medianResTime" : 195.5,
    "minResTime" : 0.0,
    "maxResTime" : 25189.0,
    "pct1ResTime" : 2703.0,
    "pct2ResTime" : 5306.950000000001,
    "pct3ResTime" : 9064.990000000002,
    "throughput" : 828.0377283008416,
    "receivedKBytesPerSec" : 1925.9569053311227,
    "sentKBytesPerSec" : 12.24391285908818
  },
  "Total" : {
    "transaction" : "Total",
    "sampleCount" : 787529,
    "errorCount" : 692660,
    "errorPct" : 87.95358,
    "meanResTime" : 825.8028771003923,
    "medianResTime" : 843.0,
    "minResTime" : 0.0,
    "maxResTime" : 25191.0,
    "pct1ResTime" : 1938.0,
    "pct2ResTime" : 2030.0,
    "pct3ResTime" : 7706.960000000006,
    "throughput" : 4039.169526036939,
    "receivedKBytesPerSec" : 9224.755719381657,
    "sentKBytesPerSec" : 85.6704608218189
  },
  "Отримати героя за id" : {
    "transaction" : "Отримати героя за id",
    "sampleCount" : 159770,
    "errorCount" : 141567,
    "errorPct" : 88.60675,
    "meanResTime" : 807.7940226575661,
    "medianResTime" : 138.0,
    "minResTime" : 0.0,
    "maxResTime" : 25191.0,
    "pct1ResTime" : 2394.600000000006,
    "pct2ResTime" : 3484.850000000002,
    "pct3ResTime" : 7830.970000000005,
    "throughput" : 820.9331004007811,
    "receivedKBytesPerSec" : 1873.4945924269089,
    "sentKBytesPerSec" : 11.691372931867228
  },
  "Видалити героя" : {
    "transaction" : "Видалити героя",
    "sampleCount" : 153408,
    "errorCount" : 132864,
    "errorPct" : 86.60826,
    "meanResTime" : 852.6545225803044,
    "medianResTime" : 278.0,
    "minResTime" : 0.0,
    "maxResTime" : 25191.0,
    "pct1ResTime" : 2810.9000000000015,
    "pct2ResTime" : 5963.0,
    "pct3ResTime" : 8272.0,
    "throughput" : 790.485809097842,
    "receivedKBytesPerSec" : 1780.227006650053,
    "sentKBytesPerSec" : 22.123044499866026
  },
  "Створити героя" : {
    "transaction" : "Створити героя",
    "sampleCount" : 157548,
    "errorCount" : 140011,
    "errorPct" : 88.86879,
    "meanResTime" : 812.7128748064004,
    "medianResTime" : 187.0,
    "minResTime" : 0.0,
    "maxResTime" : 25187.0,
    "pct1ResTime" : 2294.5000000000073,
    "pct2ResTime" : 3409.9000000000015,
    "pct3ResTime" : 8235.980000000003,
    "throughput" : 810.3904120158428,
    "receivedKBytesPerSec" : 1858.7717223747493,
    "sentKBytesPerSec" : 18.93979199083123
  },
  "Змінити героя" : {
    "transaction" : "Змінити героя",
    "sampleCount" : 155358,
    "errorCount" : 136174,
    "errorPct" : 87.65175,
    "meanResTime" : 813.0699996137871,
    "medianResTime" : 233.0,
    "minResTime" : 0.0,
    "maxResTime" : 25187.0,
    "pct1ResTime" : 2623.0,
    "pct2ResTime" : 3596.9000000000015,
    "pct3ResTime" : 8189.990000000002,
    "throughput" : 799.6520521715856,
    "receivedKBytesPerSec" : 1809.7419128911195,
    "sentKBytesPerSec" : 20.925043879515343
  }
}