{
  "Отриати всіх героїв" : {
    "transaction" : "Отриати всіх героїв",
    "sampleCount" : 54650,
    "errorCount" : 1120,
    "errorPct" : 2.0494053,
    "meanResTime" : 1187.9574199451035,
    "medianResTime" : 183.0,
    "minResTime" : 1.0,
    "maxResTime" : 60691.0,
    "pct1ResTime" : 223.0,
    "pct2ResTime" : 243.0,
    "pct3ResTime" : 60165.0,
    "throughput" : 319.41132463646136,
    "receivedKBytesPerSec" : 735.8820749297909,
    "sentKBytesPerSec" : 39.30256533612709
  },
  "Total" : {
    "transaction" : "Total",
    "sampleCount" : 267576,
    "errorCount" : 1120,
    "errorPct" : 0.41857266,
    "meanResTime" : 350.7140849702488,
    "medianResTime" : 56.0,
    "minResTime" : 1.0,
    "maxResTime" : 60691.0,
    "pct1ResTime" : 220.0,
    "pct2ResTime" : 229.0,
    "pct3ResTime" : 60165.0,
    "throughput" : 1563.8116945735073,
    "receivedKBytesPerSec" : 985.2190027231087,
    "sentKBytesPerSec" : 274.289241940256
  },
  "Отримати героя за id" : {
    "transaction" : "Отримати героя за id",
    "sampleCount" : 53560,
    "errorCount" : 0,
    "errorPct" : 0.0,
    "meanResTime" : 136.577221807319,
    "medianResTime" : 180.0,
    "minResTime" : 1.0,
    "maxResTime" : 4230.0,
    "pct1ResTime" : 218.0,
    "pct2ResTime" : 230.95000000000073,
    "pct3ResTime" : 306.9700000000048,
    "throughput" : 313.30248664837706,
    "receivedKBytesPerSec" : 58.744216246570694,
    "sentKBytesPerSec" : 39.16281083104713
  },
  "Видалити героя" : {
    "transaction" : "Видалити героя",
    "sampleCount" : 52891,
    "errorCount" : 0,
    "errorPct" : 0.0,
    "meanResTime" : 135.70463784008646,
    "medianResTime" : 180.0,
    "minResTime" : 2.0,
    "maxResTime" : 4078.0,
    "pct1ResTime" : 216.0,
    "pct2ResTime" : 229.0,
    "pct3ResTime" : 263.0,
    "throughput" : 309.8404255319149,
    "receivedKBytesPerSec" : 75.34205659906914,
    "sentKBytesPerSec" : 64.75180767952128
  },
  "Створити героя" : {
    "transaction" : "Створити героя",
    "sampleCount" : 53347,
    "errorCount" : 0,
    "errorPct" : 0.0,
    "meanResTime" : 135.4883123699542,
    "medianResTime" : 179.0,
    "minResTime" : 2.0,
    "maxResTime" : 3946.0,
    "pct1ResTime" : 216.0,
    "pct2ResTime" : 228.0,
    "pct3ResTime" : 264.0,
    "throughput" : 312.3525244304442,
    "receivedKBytesPerSec" : 71.68246410268983,
    "sentKBytesPerSec" : 65.58182885990773
  },
  "Змінити героя" : {
    "transaction" : "Змінити героя",
    "sampleCount" : 53128,
    "errorCount" : 0,
    "errorPct" : 0.0,
    "meanResTime" : 135.5269161270902,
    "medianResTime" : 179.0,
    "minResTime" : 1.0,
    "maxResTime" : 4132.0,
    "pct1ResTime" : 216.0,
    "pct2ResTime" : 227.0,
    "pct3ResTime" : 261.0,
    "throughput" : 311.14677099133814,
    "receivedKBytesPerSec" : 44.05886893920316,
    "sentKBytesPerSec" : 65.93637627453163
  }
}