{
  "Отриати всіх героїв" : {
    "transaction" : "Отриати всіх героїв",
    "sampleCount" : 100,
    "errorCount" : 0,
    "errorPct" : 0.0,
    "meanResTime" : 45.230000000000004,
    "medianResTime" : 42.0,
    "minResTime" : 6.0,
    "maxResTime" : 108.0,
    "pct1ResTime" : 78.9,
    "pct2ResTime" : 81.94999999999999,
    "pct3ResTime" : 108.0,
    "throughput" : 98.81422924901186,
    "receivedKBytesPerSec" : 24.044474123023715,
    "sentKBytesPerSec" : 12.158782114624506
  },
  "Total" : {
    "transaction" : "Total",
    "sampleCount" : 500,
    "errorCount" : 0,
    "errorPct" : 0.0,
    "meanResTime" : 28.03000000000001,
    "medianResTime" : 25.0,
    "minResTime" : 2.0,
    "maxResTime" : 108.0,
    "pct1ResTime" : 51.0,
    "pct2ResTime" : 62.94999999999999,
    "pct3ResTime" : 81.99000000000001,
    "throughput" : 473.4848484848485,
    "receivedKBytesPerSec" : 98.9666563091856,
    "sentKBytesPerSec" : 83.22975852272727
  },
  "Отримати героя за id" : {
    "transaction" : "Отримати героя за id",
    "sampleCount" : 100,
    "errorCount" : 0,
    "errorPct" : 0.0,
    "meanResTime" : 23.089999999999996,
    "medianResTime" : 19.5,
    "minResTime" : 2.0,
    "maxResTime" : 74.0,
    "pct1ResTime" : 43.0,
    "pct2ResTime" : 48.849999999999966,
    "pct3ResTime" : 73.97999999999999,
    "throughput" : 98.81422924901186,
    "receivedKBytesPerSec" : 18.527667984189723,
    "sentKBytesPerSec" : 12.351778656126482
  },
  "Видалити героя" : {
    "transaction" : "Видалити героя",
    "sampleCount" : 100,
    "errorCount" : 0,
    "errorPct" : 0.0,
    "meanResTime" : 24.26,
    "medianResTime" : 24.0,
    "minResTime" : 4.0,
    "maxResTime" : 60.0,
    "pct1ResTime" : 40.900000000000006,
    "pct2ResTime" : 47.849999999999966,
    "pct3ResTime" : 59.91999999999996,
    "throughput" : 96.52509652509653,
    "receivedKBytesPerSec" : 23.471434604247104,
    "sentKBytesPerSec" : 20.172236969111967
  },
  "Створити героя" : {
    "transaction" : "Створити героя",
    "sampleCount" : 100,
    "errorCount" : 0,
    "errorPct" : 0.0,
    "meanResTime" : 24.339999999999996,
    "medianResTime" : 23.0,
    "minResTime" : 3.0,
    "maxResTime" : 57.0,
    "pct1ResTime" : 45.70000000000002,
    "pct2ResTime" : 50.849999999999966,
    "pct3ResTime" : 56.989999999999995,
    "throughput" : 97.65625,
    "receivedKBytesPerSec" : 22.411346435546875,
    "sentKBytesPerSec" : 20.503997802734375
  },
  "Змінити героя" : {
    "transaction" : "Змінити героя",
    "sampleCount" : 100,
    "errorCount" : 0,
    "errorPct" : 0.0,
    "meanResTime" : 23.23,
    "medianResTime" : 22.0,
    "minResTime" : 2.0,
    "maxResTime" : 69.0,
    "pct1ResTime" : 40.0,
    "pct2ResTime" : 50.0,
    "pct3ResTime" : 68.90999999999995,
    "throughput" : 97.37098344693281,
    "receivedKBytesPerSec" : 13.787883398247324,
    "sentKBytesPerSec" : 20.634280671859788
  }
}