{
  "Отриати всіх героїв" : {
    "transaction" : "Отриати всіх героїв",
    "sampleCount" : 2000,
    "errorCount" : 1522,
    "errorPct" : 76.1,
    "meanResTime" : 280.70399999999995,
    "medianResTime" : 3.0,
    "minResTime" : 0.0,
    "maxResTime" : 3033.0,
    "pct1ResTime" : 1983.6000000000004,
    "pct2ResTime" : 2503.8999999999996,
    "pct3ResTime" : 2985.98,
    "throughput" : 573.2301519059903,
    "receivedKBytesPerSec" : 1159.400246757667,
    "sentKBytesPerSec" : 16.85766874462597
  },
  "Total" : {
    "transaction" : "Total",
    "sampleCount" : 10000,
    "errorCount" : 7610,
    "errorPct" : 76.1,
    "meanResTime" : 70.4058000000001,
    "medianResTime" : 2.0,
    "minResTime" : 0.0,
    "maxResTime" : 3033.0,
    "pct1ResTime" : 40.0,
    "pct2ResTime" : 61.0,
    "pct3ResTime" : 2503.9799999999996,
    "throughput" : 2801.1204481792715,
    "receivedKBytesPerSec" : 5620.324809611345,
    "sentKBytesPerSec" : 117.67988445378151
  },
  "Отримати героя за id" : {
    "transaction" : "Отримати героя за id",
    "sampleCount" : 2000,
    "errorCount" : 1522,
    "errorPct" : 76.1,
    "meanResTime" : 27.954000000000004,
    "medianResTime" : 2.5,
    "minResTime" : 0.0,
    "maxResTime" : 1397.0,
    "pct1ResTime" : 40.0,
    "pct2ResTime" : 56.0,
    "pct3ResTime" : 573.0,
    "throughput" : 624.02496099844,
    "receivedKBytesPerSec" : 1247.6343116224648,
    "sentKBytesPerSec" : 18.642745709828393
  },
  "Видалити героя" : {
    "transaction" : "Видалити героя",
    "sampleCount" : 2000,
    "errorCount" : 1522,
    "errorPct" : 76.1,
    "meanResTime" : 12.670000000000012,
    "medianResTime" : 2.0,
    "minResTime" : 0.0,
    "maxResTime" : 335.0,
    "pct1ResTime" : 35.0,
    "pct2ResTime" : 45.0,
    "pct3ResTime" : 73.98000000000002,
    "throughput" : 615.7635467980296,
    "receivedKBytesPerSec" : 1239.308925685037,
    "sentKBytesPerSec" : 30.7557054341133
  },
  "Створити героя" : {
    "transaction" : "Створити героя",
    "sampleCount" : 2000,
    "errorCount" : 1522,
    "errorPct" : 76.1,
    "meanResTime" : 18.621999999999975,
    "medianResTime" : 3.0,
    "minResTime" : 0.0,
    "maxResTime" : 405.0,
    "pct1ResTime" : 38.0,
    "pct2ResTime" : 50.94999999999982,
    "pct3ResTime" : 371.97,
    "throughput" : 621.1180124223602,
    "receivedKBytesPerSec" : 1248.055973408385,
    "sentKBytesPerSec" : 31.16811432453416
  },
  "Змінити героя" : {
    "transaction" : "Змінити героя",
    "sampleCount" : 2000,
    "errorCount" : 1522,
    "errorPct" : 76.1,
    "meanResTime" : 12.079000000000002,
    "medianResTime" : 2.0,
    "minResTime" : 0.0,
    "maxResTime" : 240.0,
    "pct1ResTime" : 36.90000000000009,
    "pct2ResTime" : 46.0,
    "pct3ResTime" : 64.99000000000001,
    "throughput" : 616.1429451632779,
    "receivedKBytesPerSec" : 1225.116609865989,
    "sentKBytesPerSec" : 31.20607574707332
  }
}