{
  "Отриати всіх героїв" : {
    "transaction" : "Отриати всіх героїв",
    "sampleCount" : 68304,
    "errorCount" : 65969,
    "errorPct" : 96.58146,
    "meanResTime" : 681.9165056219264,
    "medianResTime" : 1.0,
    "minResTime" : 0.0,
    "maxResTime" : 48714.0,
    "pct1ResTime" : 1765.0,
    "pct2ResTime" : 8341.850000000002,
    "pct3ResTime" : 37103.86000000002,
    "throughput" : 1056.5197215777262,
    "receivedKBytesPerSec" : 2727.1654008362334,
    "sentKBytesPerSec" : 4.444152407192575
  },
  "Total" : {
    "transaction" : "Total",
    "sampleCount" : 331008,
    "errorCount" : 319038,
    "errorPct" : 96.38377,
    "meanResTime" : 632.5607387132626,
    "medianResTime" : 267.0,
    "minResTime" : 0.0,
    "maxResTime" : 48714.0,
    "pct1ResTime" : 15401.400000000009,
    "pct2ResTime" : 27941.30000000001,
    "pct3ResTime" : 38616.97,
    "throughput" : 5119.920805555985,
    "receivedKBytesPerSec" : 12788.984330892989,
    "sentKBytesPerSec" : 32.99080713175357
  },
  "Отримати героя за id" : {
    "transaction" : "Отримати героя за id",
    "sampleCount" : 67108,
    "errorCount" : 64995,
    "errorPct" : 96.85134,
    "meanResTime" : 627.2985337068583,
    "medianResTime" : 1.0,
    "minResTime" : 0.0,
    "maxResTime" : 45904.0,
    "pct1ResTime" : 555.9000000000015,
    "pct2ResTime" : 8917.95,
    "pct3ResTime" : 37236.990000000005,
    "throughput" : 1044.8239891637734,
    "receivedKBytesPerSec" : 2596.96381185874,
    "sentKBytesPerSec" : 4.11223901975743
  },
  "Видалити героя" : {
    "transaction" : "Видалити героя",
    "sampleCount" : 64307,
    "errorCount" : 61431,
    "errorPct" : 95.5277,
    "meanResTime" : 670.3641438723614,
    "medianResTime" : 1.0,
    "minResTime" : 0.0,
    "maxResTime" : 46254.0,
    "pct1ResTime" : 904.0,
    "pct2ResTime" : 9708.850000000002,
    "pct3ResTime" : 38540.890000000014,
    "throughput" : 1008.3892617449663,
    "receivedKBytesPerSec" : 2481.2859159143118,
    "sentKBytesPerSec" : 9.424811241610739
  },
  "Створити героя" : {
    "transaction" : "Створити героя",
    "sampleCount" : 66098,
    "errorCount" : 63977,
    "errorPct" : 96.79113,
    "meanResTime" : 608.6831825471277,
    "medianResTime" : 1.0,
    "minResTime" : 0.0,
    "maxResTime" : 47174.0,
    "pct1ResTime" : 539.0,
    "pct2ResTime" : 8614.95,
    "pct3ResTime" : 38857.29000000011,
    "throughput" : 1036.3599303846095,
    "receivedKBytesPerSec" : 2577.3548080824016,
    "sentKBytesPerSec" : 6.982347613438592
  },
  "Змінити героя" : {
    "transaction" : "Змінити героя",
    "sampleCount" : 65191,
    "errorCount" : 62666,
    "errorPct" : 96.12676,
    "meanResTime" : 573.1840591492662,
    "medianResTime" : 1.0,
    "minResTime" : 0.0,
    "maxResTime" : 46532.0,
    "pct1ResTime" : 531.0,
    "pct2ResTime" : 9264.95,
    "pct3ResTime" : 36964.97,
    "throughput" : 1022.1549750697734,
    "receivedKBytesPerSec" : 2525.8132335013643,
    "sentKBytesPerSec" : 8.389774025722035
  }
}