{
  "Отриати всіх героїв" : {
    "transaction" : "Отриати всіх героїв",
    "sampleCount" : 20000,
    "errorCount" : 15969,
    "errorPct" : 79.845,
    "meanResTime" : 413.75374999999934,
    "medianResTime" : 6.0,
    "minResTime" : 0.0,
    "maxResTime" : 24761.0,
    "pct1ResTime" : 306.0,
    "pct2ResTime" : 841.9500000000007,
    "pct3ResTime" : 15605.32000000155,
    "throughput" : 593.5774915415208,
    "receivedKBytesPerSec" : 1261.064075762747,
    "sentKBytesPerSec" : 14.720779756781623
  },
  "Total" : {
    "transaction" : "Total",
    "sampleCount" : 100000,
    "errorCount" : 77112,
    "errorPct" : 77.112,
    "meanResTime" : 396.37192000000084,
    "medianResTime" : 87.0,
    "minResTime" : 0.0,
    "maxResTime" : 24800.0,
    "pct1ResTime" : 285.0,
    "pct2ResTime" : 10511.800000000003,
    "pct3ResTime" : 20791.950000000008,
    "throughput" : 2963.138556358895,
    "receivedKBytesPerSec" : 6023.282050973391,
    "sentKBytesPerSec" : 121.3076226276372
  },
  "Отримати героя за id" : {
    "transaction" : "Отримати героя за id",
    "sampleCount" : 20000,
    "errorCount" : 15696,
    "errorPct" : 78.48,
    "meanResTime" : 360.28939999999994,
    "medianResTime" : 3.0,
    "minResTime" : 0.0,
    "maxResTime" : 24759.0,
    "pct1ResTime" : 239.0,
    "pct2ResTime" : 1028.9500000000007,
    "pct3ResTime" : 10563.0,
    "throughput" : 598.7844675309123,
    "receivedKBytesPerSec" : 1230.0125569313043,
    "sentKBytesPerSec" : 16.107302176581538
  },
  "Видалити героя" : {
    "transaction" : "Видалити героя",
    "sampleCount" : 20000,
    "errorCount" : 14816,
    "errorPct" : 74.08,
    "meanResTime" : 521.4225000000024,
    "medianResTime" : 3.0,
    "minResTime" : 0.0,
    "maxResTime" : 24800.0,
    "pct1ResTime" : 338.0,
    "pct2ResTime" : 998.0,
    "pct3ResTime" : 19328.530000000235,
    "throughput" : 599.21502831291,
    "receivedKBytesPerSec" : 1177.8582556850524,
    "sentKBytesPerSec" : 32.458729064924945
  },
  "Створити героя" : {
    "transaction" : "Створити героя",
    "sampleCount" : 20000,
    "errorCount" : 15438,
    "errorPct" : 77.19,
    "meanResTime" : 331.02975000000083,
    "medianResTime" : 2.0,
    "minResTime" : 0.0,
    "maxResTime" : 23323.0,
    "pct1ResTime" : 231.90000000000146,
    "pct2ResTime" : 922.9500000000007,
    "pct3ResTime" : 10036.990000000002,
    "throughput" : 599.610253335332,
    "receivedKBytesPerSec" : 1219.7464421563484,
    "sentKBytesPerSec" : 28.716588123969423
  },
  "Змінити героя" : {
    "transaction" : "Змінити героя",
    "sampleCount" : 20000,
    "errorCount" : 15193,
    "errorPct" : 75.965,
    "meanResTime" : 355.3642000000006,
    "medianResTime" : 2.0,
    "minResTime" : 0.0,
    "maxResTime" : 23323.0,
    "pct1ResTime" : 301.0,
    "pct2ResTime" : 945.9500000000007,
    "pct3ResTime" : 10189.0,
    "throughput" : 599.2868486501064,
    "receivedKBytesPerSec" : 1189.6372125764092,
    "sentKBytesPerSec" : 30.523803626809098
  }
}